{"cameraMode":{"drawMode":0,"name":"Shaded","section":"Shading Mode"},"sceneLighting":true,"audioPlay":false,"sceneViewState":{"showFog":true,"showMaterialUpdate":false,"showSkybox":true,"showFlares":true,"showImageEffects":true,"showParticleSystems":true},"in2DMode":false,"pivot":{"x":-2.4371337890625,"y":-19.4609375,"z":23.84765625},"rotation":{"x":0.39401617646217348,"y":-0.0033104331232607366,"z":0.0014187374617904425,"w":0.9190965294837952},"size":34.434627532958987,"orthographic":true}